NAME,GEO_ID,B01003_001E,B01002_001E,B02001_002E,B02001_003E,B02001_004E,B02001_005E,B02001_006E,B03003_003E,B02001_007E,B25001_001E,B25003_001E,B25003_002E,B25003_003E,B25026_009E,B25026_015E,B25026_014E,B25026_013E,B25026_012E,B25026_011E,B25026_010E,B25077_001E,B25075_025E,B25075_026E,B25075_027E,B17001_001E,B17001_002E,B19301_001E,B19001_017E,B19013_001E,B05002_003E,B05002_004E,B05002_009E,B16007_008E,B16007_009E,B23006_001E,B23006_023E,state,county,tract
"Census Tract 1, Aleutians East Borough, Alaska",1400000US02013000100,3299,42.8,630,231,1119,974,36,331,134,1005,788,443,345,703,6,31,70,246,317,33,124500,0,0,0,3291,510,31025,33,65926,1215,647,95,2672,1279,2325,292,02,013,000100
"Census Tract 1, Aleutians West Census Area, Alaska",1400000US02016000100,1004,38.3,275,34,539,48,37,95,33,791,248,137,111,298,8,8,12,87,154,29,82500,0,0,0,851,122,34065,7,59167,576,345,13,757,607,630,96,02,016,000100
"Census Tract 2, Aleutians West Census Area, Alaska",1400000US02016000200,4710,37.5,1488,281,206,2038,106,695,313,1167,938,199,739,2578,0,10,63,713,1493,299,339900,0,0,0,4693,304,35299,90,92083,544,1856,275,3732,1469,3196,524,02,016,000200
"Census Tract 1.01, Anchorage Municipality, Alaska",1400000US02020000101,5947,33.5,4927,0,239,76,0,242,74,2041,1927,1414,513,1791,0,0,155,246,1347,43,338300,0,0,0,5938,549,43224,173,101420,2213,3592,111,3796,3577,3411,1135,02,020,000101
"Census Tract 1.02, Anchorage Municipality, Alaska",1400000US02020000102,5146,37.0,3931,71,207,381,0,275,33,2075,1925,1519,406,841,0,17,13,44,604,163,323500,0,0,14,5141,366,37824,117,76690,1963,2883,193,3425,3294,2986,761,02,020,000102
"Census Tract 2.01, Anchorage Municipality, Alaska",1400000US02020000201,4860,26.6,3628,164,81,444,0,474,10,1698,1578,960,618,1832,9,34,153,534,860,242,278500,0,0,0,4860,223,35058,73,93636,1733,2677,43,2911,2535,2370,798,02,020,000201
"Census Tract 2.02, Anchorage Municipality, Alaska",1400000US02020000202,6395,34.9,5461,0,375,103,151,330,16,2359,2212,1670,542,1343,0,0,0,340,695,308,313200,0,0,16,6359,247,40624,199,98477,2140,4078,57,3893,3433,3464,1328,02,020,000202
"Census Tract 2.03, Anchorage Municipality, Alaska",1400000US02020000203,11970,30.4,10083,142,221,324,0,756,53,3721,3650,2763,887,3149,0,108,19,292,2298,432,342700,15,0,0,11970,305,37019,322,111148,3809,7294,366,7594,7144,6386,3060,02,020,000203
"Census Tract 2.04, Anchorage Municipality, Alaska",1400000US02020000204,3650,40.1,3127,39,250,30,7,179,4,1168,1091,966,125,485,0,15,0,33,246,191,367400,0,0,0,3140,79,43509,173,118575,1182,2124,199,2568,2407,2248,1026,02,020,000204
"Census Tract 3, Anchorage Municipality, Alaska",1400000US02020000300,8648,22.3,6338,869,160,110,65,1656,563,2072,1992,30,1962,6509,0,0,55,270,5587,597,-666666666,0,0,0,6559,360,20503,9,53788,1087,6851,336,5771,4983,3090,830,02,020,000300
"Census Tract 4, Anchorage Municipality, Alaska",1400000US02020000400,5163,22.4,3237,962,16,251,112,670,168,1493,1387,0,1387,4329,0,0,0,682,3353,294,-666666666,0,0,0,4329,235,21268,7,59072,544,3866,525,3442,3037,2000,595,02,020,000400
"Census Tract 5, Anchorage Municipality, Alaska",1400000US02020000500,1869,34.3,1079,140,238,167,60,95,16,1049,907,200,707,1470,0,0,173,376,796,125,355600,0,0,0,1869,182,35348,30,53233,727,834,33,1283,1072,1064,332,02,020,000500
"Census Tract 6, Anchorage Municipality, Alaska",1400000US02020000600,5948,28.3,1731,594,537,626,1122,875,208,2544,2239,572,1667,4606,0,49,443,994,2434,686,193300,0,0,0,5838,1564,20269,13,36797,2583,2227,231,3616,2087,2856,311,02,020,000600
"Census Tract 7.01, Anchorage Municipality, Alaska",1400000US02020000701,6157,28.9,3384,580,702,527,315,435,5,2229,2018,1103,915,2775,0,197,16,702,1521,339,253100,0,0,17,6070,290,31907,156,72714,2213,3250,159,3981,3281,3506,644,02,020,000701
"Census Tract 7.02, Anchorage Municipality, Alaska",1400000US02020000702,5616,25.8,2962,811,400,764,214,497,35,1902,1772,796,976,3063,0,76,15,586,1527,859,275600,0,0,0,5559,955,28930,123,69115,2167,2794,144,3770,2993,2590,582,02,020,000702
"Census Tract 7.03, Anchorage Municipality, Alaska",1400000US02020000703,5459,26.9,1702,448,568,1514,425,296,3,1955,1659,581,1078,3296,14,0,111,377,2109,685,224100,0,0,0,5376,903,20582,35,58328,1820,2297,330,3270,2444,2676,261,02,020,000703
"Census Tract 8.01, Anchorage Municipality, Alaska",1400000US02020000801,7000,30.1,2148,675,1066,771,652,1019,414,2548,2377,1245,1132,2864,57,100,45,499,1830,333,230400,0,0,0,6950,1155,24418,56,53917,2727,3025,387,4394,3088,3377,517,02,020,000801
"Census Tract 8.02, Anchorage Municipality, Alaska",1400000US02020000802,4757,29.2,2366,473,889,406,237,556,110,1958,1731,855,876,2135,0,0,58,205,1611,261,122300,0,0,0,4745,580,26506,37,55164,1957,2081,107,3428,2794,2630,595,02,020,000802
"Census Tract 9.01, Anchorage Municipality, Alaska",1400000US02020000901,5401,28.1,1634,809,1054,473,397,552,217,1625,1457,387,1070,3283,0,0,185,928,1632,538,118800,0,0,0,4562,1137,22212,46,38943,2558,1799,291,3559,2333,2863,280,02,020,000901
"Census Tract 9.02, Anchorage Municipality, Alaska",1400000US02020000902,2913,35.4,1354,348,147,350,246,217,109,1534,1338,511,827,1765,0,0,33,545,861,326,250400,0,0,0,2913,598,29200,18,47808,1003,1391,135,1630,1319,1454,434,02,020,000902
"Census Tract 10, Anchorage Municipality, Alaska",1400000US02020001000,3332,43.1,2175,324,567,26,1,325,47,2174,1865,242,1623,2648,0,0,58,850,1401,339,251800,0,0,0,3313,650,40909,86,44250,1215,1784,108,2577,2238,2220,728,02,020,001000
"Census Tract 11, Anchorage Municipality, Alaska",1400000US02020001100,924,37.7,507,90,196,40,0,62,1,450,381,79,302,421,0,5,0,72,243,101,428800,0,5,0,619,96,42600,44,36438,368,461,13,810,636,703,200,02,020,001100
"Census Tract 12, Anchorage Municipality, Alaska",1400000US02020001200,3947,44.3,3500,124,91,136,0,126,10,2138,1934,1097,837,1530,0,12,51,333,930,204,443300,33,10,0,3803,214,61912,279,88375,1260,2306,31,2683,2406,2367,1390,02,020,001200
"Census Tract 13, Anchorage Municipality, Alaska",1400000US02020001300,3119,46.2,2752,10,127,53,0,214,1,1323,1172,1053,119,327,30,0,0,0,251,46,402600,19,0,0,3092,130,56707,251,121417,1243,1705,52,1896,1788,1712,1122,02,020,001300
"Census Tract 14, Anchorage Municipality, Alaska",1400000US02020001400,5127,35.0,2738,855,415,508,106,562,65,2604,2506,611,1895,3509,27,0,173,436,2539,334,241800,0,0,0,5079,987,34488,62,49141,1689,2717,69,3731,2959,3279,953,02,020,001400
"Census Tract 15, Anchorage Municipality, Alaska",1400000US02020001500,5201,43.4,3544,121,117,405,288,187,86,2156,2047,1495,552,1306,0,15,66,321,891,13,343100,0,0,0,5142,204,48582,274,91412,1708,2699,178,3516,2877,3023,1346,02,020,001500
"Census Tract 16.01, Anchorage Municipality, Alaska",1400000US02020001601,4461,33.0,2180,220,471,302,187,606,278,1545,1430,1054,376,1156,9,0,49,150,866,82,242200,0,0,0,4353,147,32029,90,85714,1967,1863,174,2538,1833,2118,846,02,020,001601
"Census Tract 16.02, Anchorage Municipality, Alaska",1400000US02020001602,4745,30.2,2981,184,656,157,24,374,33,1539,1474,783,691,1872,0,29,10,200,1278,355,315600,0,0,0,4236,248,36417,168,75625,1891,2566,68,3297,2934,2466,794,02,020,001602
"Census Tract 17.01, Anchorage Municipality, Alaska",1400000US02020001701,7297,34.3,4366,728,390,951,107,463,16,2867,2611,2058,553,1494,73,0,94,67,1081,179,254600,0,0,0,7273,717,38829,215,97835,2115,4100,155,4802,4153,4043,1941,02,020,001701
"Census Tract 17.02, Anchorage Municipality, Alaska",1400000US02020001702,5396,37.9,3652,468,333,204,100,525,8,2080,1889,1438,451,1186,0,0,112,387,635,52,268800,0,0,8,5243,338,39005,137,89639,2006,2797,246,3511,3009,3049,1266,02,020,001702
"Census Tract 17.31, Anchorage Municipality, Alaska",1400000US02020001731,6315,33.7,3407,566,493,995,45,742,336,2213,2156,1748,408,989,0,0,0,510,436,43,232800,0,0,0,6279,623,34160,152,83400,2217,3015,210,4002,3073,3454,765,02,020,001731
"Census Tract 17.32, Anchorage Municipality, Alaska",1400000US02020001732,6458,33.8,4105,598,530,254,178,448,55,2206,2074,1499,575,2260,0,0,0,281,1662,317,277100,0,0,18,6330,334,33295,86,96803,2235,3634,301,4319,3957,3588,1256,02,020,001732
"Census Tract 18.01, Anchorage Municipality, Alaska",1400000US02020001801,4828,30.6,3448,243,320,487,14,359,21,2292,2019,695,1324,2569,0,0,0,496,1562,511,267700,15,0,0,4828,334,36534,80,70368,1516,2721,58,3491,2936,2855,986,02,020,001801
"Census Tract 18.02, Anchorage Municipality, Alaska",1400000US02020001802,5241,29.0,2622,134,502,1150,182,448,264,2224,2011,917,1094,2311,0,0,51,214,1665,381,150900,0,0,0,5060,464,31174,60,60422,2035,2157,94,3825,2770,2771,725,02,020,001802
"Census Tract 19, Anchorage Municipality, Alaska",1400000US02020001900,4043,33.0,1505,213,745,799,303,420,126,1810,1541,408,1133,2738,0,0,45,758,1759,176,208000,0,0,0,4043,599,24184,29,49458,1551,1455,257,2919,1683,2402,504,02,020,001900
"Census Tract 20, Anchorage Municipality, Alaska",1400000US02020002000,3496,31.3,1825,249,233,615,160,375,156,1609,1412,474,938,2211,0,0,39,394,1413,365,139300,0,0,0,3490,580,23511,15,39643,1170,1445,260,2530,1823,1945,355,02,020,002000
"Census Tract 21, Anchorage Municipality, Alaska",1400000US02020002100,3945,34.2,2257,286,278,242,339,46,1,1906,1739,816,923,2314,0,29,22,818,1173,272,232700,0,0,0,3926,104,31830,46,54139,1739,1649,56,2658,2169,2237,782,02,020,002100
"Census Tract 22.01, Anchorage Municipality, Alaska",1400000US02020002201,5256,35.5,3193,37,685,856,18,311,24,1935,1857,1196,661,2010,0,8,15,587,852,548,264400,0,0,0,5251,425,39144,127,84679,2202,2063,176,3402,2535,3016,955,02,020,002201
"Census Tract 22.02, Anchorage Municipality, Alaska",1400000US02020002202,3259,31.1,1776,136,415,416,33,466,131,1450,1296,393,903,2235,17,14,7,700,1212,285,273500,0,0,0,3254,599,31694,65,56296,1400,1443,82,2190,1779,1750,446,02,020,002202
"Census Tract 23.01, Anchorage Municipality, Alaska",1400000US02020002301,7168,33.8,5417,176,719,615,0,386,24,2679,2480,2126,354,836,0,45,0,216,561,14,396400,69,0,0,7168,511,53731,618,125560,2921,3320,216,4693,3811,4181,2103,02,020,002301
"Census Tract 23.02, Anchorage Municipality, Alaska",1400000US02020002302,5090,34.9,3438,406,177,347,93,467,53,1939,1840,1163,677,1926,0,0,51,291,1297,287,271000,0,0,0,5024,527,34403,97,83235,1982,2256,90,3298,2686,2782,844,02,020,002302
"Census Tract 23.03, Anchorage Municipality, Alaska",1400000US02020002303,9192,31.2,5888,324,640,844,118,912,244,3498,3278,1565,1713,4806,0,0,246,608,3216,736,281200,0,0,0,9092,682,33307,175,74202,3805,3937,285,6055,4697,5164,1348,02,020,002303
"Census Tract 24, Anchorage Municipality, Alaska",1400000US02020002400,3248,37.7,1929,258,262,446,29,141,27,1283,1250,690,560,1031,0,34,12,253,635,97,283900,0,0,0,3238,236,34553,58,79063,1118,1489,24,2403,1849,2052,462,02,020,002400
"Census Tract 25.01, Anchorage Municipality, Alaska",1400000US02020002501,5076,37.7,3282,99,378,703,2,575,186,2041,1867,1337,530,1606,0,0,52,488,817,249,270700,0,8,0,5055,165,38426,114,86799,1960,2282,106,3605,2726,3132,994,02,020,002501
"Census Tract 25.02, Anchorage Municipality, Alaska",1400000US02020002502,4796,34.7,3211,64,311,381,168,961,14,2466,2143,1203,940,1914,0,0,211,368,1057,278,228300,16,0,14,4772,313,48275,195,75456,1936,2124,223,3524,2878,3093,851,02,020,002502
"Census Tract 26.01, Anchorage Municipality, Alaska",1400000US02020002601,5276,32.4,2700,268,541,813,65,512,98,1764,1565,926,639,2512,0,0,18,636,1788,70,269500,0,0,0,5228,536,30320,57,81213,1922,2417,91,3536,2808,3028,662,02,020,002601
"Census Tract 26.02, Anchorage Municipality, Alaska",1400000US02020002602,6430,33.9,3406,382,235,1237,19,676,320,2148,2031,1708,323,962,0,0,44,362,331,225,284800,0,0,0,6364,354,34341,72,98438,2575,2246,167,4023,2858,3460,1203,02,020,002602
"Census Tract 26.03, Anchorage Municipality, Alaska",1400000US02020002603,6155,35.6,4371,170,333,694,0,291,17,2195,2096,1775,321,815,40,0,65,88,548,74,309600,0,0,0,6107,75,43842,216,121236,2675,2570,226,4252,3607,3846,1504,02,020,002603
"Census Tract 27.02, Anchorage Municipality, Alaska",1400000US02020002702,10353,35.6,7971,147,342,353,25,861,58,3686,3473,2630,843,2620,0,0,65,528,1733,294,312200,0,0,22,10288,245,44223,412,110918,4384,5377,61,6569,5640,5493,2157,02,020,002702
"Census Tract 27.11, Anchorage Municipality, Alaska",1400000US02020002711,6762,35.8,5148,92,68,808,14,554,363,2517,2304,1820,484,1284,0,80,0,201,1003,0,336000,40,14,0,6727,86,50700,366,103553,2248,3240,173,4333,3329,4022,1637,02,020,002711
"Census Tract 27.12, Anchorage Municipality, Alaska",1400000US02020002712,9340,31.9,4957,465,570,1861,78,864,349,3424,3133,1954,1179,3257,0,0,111,1024,1839,283,274100,0,0,0,9250,885,35078,128,69792,3938,3635,203,5800,4257,5025,1135,02,020,002712
"Census Tract 28.11, Anchorage Municipality, Alaska",1400000US02020002811,6258,35.7,3379,491,704,559,90,804,398,2799,2614,1684,930,2165,0,0,34,213,1746,172,209700,0,0,0,6213,562,34198,57,64910,2873,2299,292,4414,3695,3898,844,02,020,002811
"Census Tract 28.12, Anchorage Municipality, Alaska",1400000US02020002812,8143,38.7,6415,380,493,499,0,347,22,2620,2520,2310,210,766,0,39,0,0,714,13,398600,51,0,0,8070,333,50274,587,133010,3451,3942,155,5105,4198,4526,2052,02,020,002812
"Census Tract 28.13, Anchorage Municipality, Alaska",1400000US02020002813,5300,45.9,4586,96,128,215,0,269,8,1820,1766,1631,135,381,9,0,0,142,230,0,506000,0,10,0,5300,200,66669,616,150750,1818,3135,132,3391,3169,2813,1855,02,020,002813
"Census Tract 28.21, Anchorage Municipality, Alaska",1400000US02020002821,5337,38.3,4416,126,120,152,8,551,205,1707,1625,1496,129,440,0,0,0,78,343,19,406900,0,0,20,5302,159,53275,468,149792,1909,2892,136,3490,3111,2791,1635,02,020,002821
"Census Tract 28.22, Anchorage Municipality, Alaska",1400000US02020002822,4039,46.2,3433,22,171,98,0,68,0,1496,1407,1329,78,165,0,0,0,60,105,0,456700,7,24,0,4000,125,56766,389,138472,1737,2018,78,2716,2614,2479,1254,02,020,002822
"Census Tract 28.23, Anchorage Municipality, Alaska",1400000US02020002823,5483,41.0,4579,261,46,206,0,347,31,2035,1876,1740,136,390,0,0,0,65,283,42,568100,52,23,0,5483,75,70063,675,162027,1574,3385,177,3385,3087,3114,2241,02,020,002823
"Census Tract 29, Anchorage Municipality, Alaska",1400000US02020002900,2586,33.3,2178,0,11,12,0,322,73,1834,1027,552,475,1151,0,21,0,46,929,155,410000,0,0,0,2586,62,47605,104,100807,755,1637,67,2075,1852,1778,952,02,020,002900
"Census Tract 1, Bethel Census Area, Alaska",1400000US02050000100,10087,24.8,215,4,9655,5,4,76,3,2824,2193,1666,527,2170,106,132,126,884,781,141,77400,1,0,0,10021,3345,11499,8,37961,9878,194,4,5520,666,4314,155,02,050,000100
"Census Tract 2, Bethel Census Area, Alaska",1400000US02050000200,6365,29.2,1593,129,3831,132,63,266,72,2410,1927,934,993,2816,43,33,43,704,1615,378,255100,0,0,0,5945,840,29165,114,77631,4424,1636,10,3924,2213,3313,689,02,050,000200
"Census Tract 3, Bethel Census Area, Alaska",1400000US02050000300,1433,29.1,168,2,1165,24,0,17,0,752,435,321,114,395,2,2,32,161,175,23,178000,0,0,0,1407,434,17055,2,43906,1261,153,3,821,585,676,81,02,050,000300
"Census Tract 1, Bristol Bay Borough, Alaska",1400000US02060000100,942,40.7,525,3,302,11,2,46,13,909,360,197,163,379,5,0,10,73,265,26,199000,0,0,0,924,67,41420,18,88000,464,442,13,647,598,574,116,02,060,000100
"Census Tract 1, Denali Borough, Alaska",1400000US02068000100,2125,37.3,1817,21,66,72,0,17,4,1711,707,533,174,404,0,0,5,86,245,68,228600,7,0,0,2066,233,38337,41,81302,448,1515,30,1589,1401,1348,518,02,068,000100
"Census Tract 1, Dillingham Census Area, Alaska",1400000US02070000100,2675,28.2,209,4,2319,72,0,3,0,1363,605,421,184,712,0,2,49,253,347,61,120300,0,0,0,2661,612,16459,2,39583,2405,200,0,1603,606,1269,142,02,070,000100
"Census Tract 2, Dillingham Census Area, Alaska",1400000US02070000200,2305,31.4,684,8,1277,36,1,144,27,1081,770,411,359,882,12,22,28,119,643,58,256700,0,0,0,2284,203,31714,42,71354,1629,624,0,1394,1072,1154,295,02,070,000200
"Census Tract 1, Fairbanks North Star Borough, Alaska",1400000US02090000100,1474,47.4,1056,30,227,25,0,40,0,1094,890,198,692,997,0,0,42,227,632,96,187500,0,0,0,1469,261,26799,6,30081,572,832,21,956,858,709,149,02,090,000100
"Census Tract 2, Fairbanks North Star Borough, Alaska",1400000US02090000200,3609,30.3,2596,121,425,134,37,190,30,1347,1241,536,705,1976,0,0,17,152,1695,112,182200,0,0,0,3309,648,26719,71,45727,1585,1674,87,2581,2104,1956,526,02,090,000200
"Census Tract 3, Fairbanks North Star Borough, Alaska",1400000US02090000300,4364,30.9,2013,732,545,317,4,222,16,1991,1646,522,1124,2937,12,0,0,342,2303,280,162300,0,0,0,4247,912,24105,18,47283,1777,2097,74,3070,2638,2475,407,02,090,000300
"Census Tract 4, Fairbanks North Star Borough, Alaska",1400000US02090000400,4932,31.9,3346,179,265,373,100,468,124,1868,1782,994,788,1984,95,7,0,276,1420,186,213800,0,0,0,4891,286,32377,80,68214,1895,2410,94,3289,2520,2579,872,02,090,000400
"Census Tract 5, Fairbanks North Star Borough, Alaska",1400000US02090000500,2710,30.7,1693,351,252,80,46,549,40,1386,1085,636,449,894,0,0,0,487,344,63,182400,0,0,0,2698,190,29738,35,51875,1169,1132,82,1963,1501,1530,280,02,090,000500
"Census Tract 6, Fairbanks North Star Borough, Alaska",1400000US02090000600,4516,31.2,3180,281,378,186,0,304,0,1700,1591,818,773,2268,36,13,0,586,1286,347,194100,0,0,7,4508,452,32958,88,80495,1611,2236,283,3063,2634,2548,529,02,090,000600
"Census Tract 7, Fairbanks North Star Borough, Alaska",1400000US02090000700,4391,33.1,2970,267,304,172,139,482,132,1878,1605,662,943,2194,0,0,21,215,1644,314,250900,0,0,0,4368,492,37346,114,70925,1499,2419,164,3044,2561,2136,612,02,090,000700
"Census Tract 8, Fairbanks North Star Borough, Alaska",1400000US02090000800,5770,31.8,3376,467,754,473,25,544,21,2199,1962,1195,767,1983,0,0,0,140,1843,0,233100,0,0,21,5769,161,34350,115,84394,2808,2337,187,3682,3131,2880,1188,02,090,000800
"Census Tract 9, Fairbanks North Star Borough, Alaska",1400000US02090000900,5781,38.7,4703,0,508,99,55,97,0,2589,2332,1839,493,849,0,38,0,117,694,0,287100,0,0,0,5781,276,47766,251,92798,2104,3318,17,3808,3538,3455,2018,02,090,000900
"Census Tract 10, Fairbanks North Star Borough, Alaska",1400000US02090001000,1631,37.3,1264,22,145,0,18,3,0,705,579,416,163,297,0,0,0,34,247,16,179200,0,0,0,1616,201,37904,69,75625,744,804,78,1111,940,962,247,02,090,001000
"Census Tract 11, Fairbanks North Star Borough, Alaska",1400000US02090001100,8811,22.8,6376,981,89,303,101,1654,207,2186,1986,11,1975,6994,0,0,0,194,5533,1267,-666666666,0,0,0,7100,469,21428,51,58214,772,7110,502,5856,4797,3377,1028,02,090,001100
"Census Tract 12, Fairbanks North Star Borough, Alaska",1400000US02090001200,7279,34.6,6298,21,290,179,45,472,34,2800,2664,2165,499,991,0,0,17,196,705,73,255800,18,0,0,7157,410,41128,273,94051,2455,4468,315,4690,4371,4267,1641,02,090,001200
"Census Tract 13, Fairbanks North Star Borough, Alaska",1400000US02090001300,6805,27.7,5729,75,372,135,0,138,0,2489,2041,1325,716,2027,0,20,41,500,974,492,257200,0,0,4,5743,384,43349,264,93906,2897,3530,65,4940,4382,3105,1792,02,090,001300
"Census Tract 14, Fairbanks North Star Borough, Alaska",1400000US02090001400,7178,33.1,6047,0,188,161,1,261,0,3040,2724,2007,717,1786,0,0,27,167,1275,317,211500,0,0,22,7039,574,32028,84,77229,2250,4425,149,4660,4300,3920,960,02,090,001400
"Census Tract 15, Fairbanks North Star Borough, Alaska",1400000US02090001500,11335,30.6,9478,176,1070,72,0,1064,41,4030,3672,2709,963,2659,0,0,69,221,1675,694,226000,0,0,28,11220,783,31359,159,78898,3897,6558,534,7267,6788,6159,1267,02,090,001500
"Census Tract 16, Fairbanks North Star Borough, Alaska",1400000US02090001600,4845,30.1,3870,266,258,122,0,164,2,2097,1726,1076,650,1456,15,0,63,57,1023,298,210800,0,0,0,4825,337,30373,62,68680,1671,2993,88,3268,3084,2633,564,02,090,001600
"Census Tract 17, Fairbanks North Star Borough, Alaska",1400000US02090001700,1205,33.4,1145,0,43,0,8,39,0,1290,460,371,89,214,0,0,30,0,152,32,199000,6,0,0,1205,115,37006,16,66983,353,804,23,757,757,590,193,02,090,001700
"Census Tract 18, Fairbanks North Star Borough, Alaska",1400000US02090001800,2884,23.5,2225,187,24,114,0,365,22,1082,858,17,841,2428,0,0,0,85,2037,306,572900,0,0,0,2471,105,25654,7,57917,226,2408,99,1927,1722,1219,489,02,090,001800
"Census Tract 19, Fairbanks North Star Borough, Alaska",1400000US02090001900,10630,41.4,9252,27,410,92,15,430,256,5899,4459,3508,951,1899,0,0,13,77,1588,221,206800,0,0,0,10533,388,43154,317,82221,3203,6798,248,7840,7176,6871,2974,02,090,001900
"Census Tract 1, Haines Borough, Alaska",1400000US02100000100,2528,44.6,1970,1,123,85,5,41,12,1623,1170,803,367,763,4,0,32,48,673,6,198400,2,0,0,2513,132,32673,78,53125,697,1589,119,1646,1466,1428,554,02,100,000100
"Census Tract 2, Hoonah-Angoon Census Area, Alaska",1400000US02105000200,64,51.5,9,0,40,0,0,0,0,66,29,22,7,13,0,0,0,3,6,4,-666666666,0,0,0,64,8,24602,0,42083,52,11,0,43,34,37,10,02,105,000200
"Census Tract 3, Hoonah-Angoon Census Area, Alaska",1400000US02105000300,2043,48.3,1061,77,638,48,1,105,24,1581,807,575,232,579,7,6,83,117,289,77,236800,9,0,2,2042,252,31665,9,54347,1025,875,17,1321,1162,1191,275,02,105,000300
"Census Tract 1, Juneau City and Borough, Alaska",1400000US02110000100,4651,43.2,4213,0,136,59,0,266,11,2028,1854,1414,440,922,0,0,11,261,572,78,433200,42,0,5,4536,184,50767,298,99667,1823,2575,99,3296,3128,2896,1392,02,110,000100
"Census Tract 2, Juneau City and Borough, Alaska",1400000US02110000200,7486,35.2,4602,138,1202,652,0,560,159,2674,2619,2045,574,1355,0,8,0,342,891,114,296400,0,0,0,7402,291,41741,144,91671,3422,3423,108,5129,4718,4250,1411,02,110,000200
"Census Tract 3, Juneau City and Borough, Alaska",1400000US02110000300,5829,35.7,3989,54,585,385,200,308,17,2118,2007,1273,734,1962,0,36,64,429,1245,188,298900,0,0,0,5797,283,34465,95,83958,2155,3053,155,3552,2985,3067,987,02,110,000300
"Census Tract 4, Juneau City and Borough, Alaska",1400000US02110000400,5004,33.6,2364,110,1097,805,83,244,4,1725,1526,886,640,2108,0,0,25,617,1053,413,277900,0,0,0,4603,666,30988,148,72222,2289,1717,138,3268,2509,2689,652,02,110,000400
"Census Tract 5, Juneau City and Borough, Alaska",1400000US02110000500,3437,45.7,2806,28,277,258,0,321,8,1977,1640,798,842,1505,37,25,141,365,602,335,349500,0,0,0,3437,338,44810,89,73148,955,1994,51,2352,2087,2263,1186,02,110,000500
"Census Tract 6, Juneau City and Borough, Alaska",1400000US02110000600,6117,37.7,4601,51,712,173,41,349,52,2741,2492,1400,1092,2552,0,29,37,421,1593,472,353600,0,0,0,6084,603,42777,178,87195,2283,3505,123,4314,4077,3756,1790,02,110,000600
"Census Tract 1, Kenai Peninsula Borough, Alaska",1400000US02122000100,464,39.9,165,0,242,6,3,41,0,318,84,57,27,93,0,4,0,31,51,7,28500,0,0,0,457,69,44668,2,35500,277,171,2,360,330,314,15,02,122,000100
"Census Tract 2, Kenai Peninsula Borough, Alaska",1400000US02122000200,6284,43.0,4962,72,741,52,0,460,3,2597,2040,1542,498,1449,0,0,173,199,764,313,201400,16,0,0,5789,712,28852,76,62279,2605,3514,41,4094,3658,3661,589,02,122,000200
"Census Tract 3, Kenai Peninsula Borough, Alaska",1400000US02122000300,1177,41.0,1048,0,25,2,0,42,0,854,449,378,71,255,0,0,25,11,139,80,251500,0,0,0,1167,123,41664,45,69625,430,713,0,767,765,723,291,02,122,000300
"Census Tract 4, Kenai Peninsula Borough, Alaska",1400000US02122000400,6646,47.8,5921,24,122,134,0,116,73,4292,2441,2070,371,925,0,0,260,261,342,62,272400,14,0,0,6616,906,33362,97,73964,1924,4560,64,3907,3707,3371,614,02,122,000400
"Census Tract 5, Kenai Peninsula Borough, Alaska",1400000US02122000500,6871,37.4,5887,0,274,52,3,362,210,2980,2557,1733,824,2251,0,16,0,210,1444,581,232800,0,0,0,6803,523,33900,160,72813,2548,4001,74,4309,4053,3656,865,02,122,000500
"Census Tract 6, Kenai Peninsula Borough, Alaska",1400000US02122000600,7551,37.0,5805,24,846,140,148,174,2,3508,3085,1743,1342,3237,0,34,309,445,1881,568,209400,0,0,0,7510,991,37008,244,58732,2954,4169,117,4678,4342,3949,835,02,122,000600
"Census Tract 7, Kenai Peninsula Borough, Alaska",1400000US02122000700,9941,34.5,8825,82,436,16,0,478,43,4969,3685,2847,838,2428,0,119,63,277,1511,458,231100,3,4,22,9926,914,31180,78,71409,3836,5976,108,6092,5949,5413,1339,02,122,000700
"Census Tract 8, Kenai Peninsula Borough, Alaska",1400000US02122000800,3677,49.4,3291,2,231,18,0,87,0,2906,1576,1305,271,644,3,2,14,133,369,123,172600,3,0,0,3670,392,28793,45,50708,1091,2464,29,2234,2115,1974,340,02,122,000800
"Census Tract 9, Kenai Peninsula Borough, Alaska",1400000US02122000900,2314,44.7,2111,6,54,31,19,58,0,1173,862,716,146,369,0,6,4,22,277,60,279700,0,0,0,2227,95,36687,46,78816,709,1494,53,1448,1306,1254,521,02,122,000900
"Census Tract 10, Kenai Peninsula Borough, Alaska",1400000US02122001000,4305,39.8,3649,29,321,51,0,209,10,2282,1743,985,758,1898,0,13,52,282,1309,242,257400,0,10,6,4273,489,30840,67,52782,1582,2585,46,2622,2277,2203,644,02,122,001000
"Census Tract 11, Kenai Peninsula Borough, Alaska",1400000US02122001100,3205,37.8,2928,38,43,28,0,152,58,1782,1147,911,236,584,0,25,18,191,312,38,270900,5,0,0,3201,403,31023,78,66635,1257,1692,42,2054,1564,1772,528,02,122,001100
"Census Tract 12, Kenai Peninsula Borough, Alaska",1400000US02122001200,961,43.8,421,2,418,16,7,6,0,1062,385,244,141,371,1,12,11,181,139,27,168400,2,0,1,958,206,24367,9,44250,552,379,1,578,461,516,127,02,122,001200
"Census Tract 13, Kenai Peninsula Borough, Alaska",1400000US02122001300,4241,40.7,3195,66,585,215,10,29,0,2029,1427,851,576,1503,0,34,52,289,1036,92,171000,0,0,0,3698,352,31817,98,71475,1515,2398,40,3111,2840,2633,409,02,122,001300
"Census Tract 1, Ketchikan Gateway Borough, Alaska",1400000US02130000100,3459,43.4,2989,0,203,6,0,90,4,1694,1306,1048,258,634,0,0,7,212,353,62,296500,11,0,3,3441,227,38686,126,82194,1480,1920,7,2166,2115,1975,491,02,130,000100
"Census Tract 2, Ketchikan Gateway Borough, Alaska",1400000US02130000200,4860,37.5,2893,24,707,651,5,310,70,2261,1923,1045,878,2182,0,5,18,698,1209,252,229100,0,0,0,4790,538,29262,70,58695,2098,2103,49,3033,2503,2558,497,02,130,000200
"Census Tract 3, Ketchikan Gateway Borough, Alaska",1400000US02130000300,3061,38.5,1795,34,482,353,5,207,33,1431,1217,489,728,1514,11,10,34,214,1044,201,221200,0,0,0,2945,537,28468,29,49594,1165,1413,74,2136,1775,1838,403,02,130,000300
"Census Tract 4, Ketchikan Gateway Borough, Alaska",1400000US02130000400,2335,38.5,1587,10,442,27,0,27,18,868,763,518,245,660,5,12,7,66,483,87,274000,0,0,0,2334,151,36503,82,86550,997,1271,16,1557,1471,1335,344,02,130,000400
"Census Tract 1, Kodiak Island Borough, Alaska",1400000US02150000100,1948,42.2,1015,6,789,33,10,52,6,1173,710,548,162,433,0,5,34,41,307,46,205200,0,0,0,1942,323,29676,18,59688,1050,745,16,1278,1130,1159,169,02,150,000100
"Census Tract 2, Kodiak Island Borough, Alaska",1400000US02150000200,7024,30.0,4256,1,825,1098,88,661,44,2571,2446,1581,865,2517,0,0,168,573,1228,548,292600,0,0,0,6947,559,36676,147,97700,2878,3146,72,4528,3828,3827,1152,02,150,000200
"Census Tract 3, Kodiak Island Borough, Alaska",1400000US02150000300,2773,38.1,703,0,151,1635,19,378,204,693,660,449,211,626,0,9,19,141,261,196,185800,0,0,0,2726,202,26715,32,64746,916,548,27,1833,633,1668,307,02,150,000300
"Census Tract 4, Kodiak Island Borough, Alaska",1400000US02150000400,820,53.1,479,0,126,180,0,15,5,474,375,197,178,288,0,0,0,163,121,4,301100,0,0,0,783,76,34614,19,58828,285,315,21,561,410,500,94,02,150,000400
"Census Tract 5, Kodiak Island Borough, Alaska",1400000US02150000500,1353,25.1,1063,13,17,102,42,105,2,411,394,10,384,1207,0,0,0,77,1034,96,-666666666,0,0,0,1225,87,20995,0,66167,186,1091,16,815,740,680,223,02,150,000500
"Census Tract 1, Kusilvak Census Area, Alaska",1400000US02158000100,7993,23.3,312,46,7128,31,0,107,3,2250,1734,1284,450,1744,28,127,152,698,547,192,101300,0,0,0,7954,2862,11701,9,38160,7617,298,0,4357,2175,3353,169,02,158,000100
"Census Tract 1, Lake and Peninsula Borough, Alaska",1400000US02164000100,1411,31.9,300,11,976,40,1,29,0,1451,468,318,150,443,3,6,12,110,252,60,143800,5,1,2,1401,263,22684,8,43864,1052,300,7,889,786,749,93,02,164,000100
"Census Tract 1.01, Matanuska-Susitna Borough, Alaska",1400000US02170000101,516,51.8,434,16,35,4,4,16,0,1935,239,196,43,80,0,6,0,34,29,11,119600,0,0,0,516,167,24679,0,29063,99,397,0,333,301,296,28,02,170,000101
"Census Tract 1.02, Matanuska-Susitna Borough, Alaska",1400000US02170000102,2224,42.9,1974,0,87,8,0,26,1,2446,914,699,215,419,0,0,15,92,142,170,160800,0,0,0,2224,211,27417,8,52222,703,1445,14,1396,1336,1282,325,02,170,000102
"Census Tract 2, Matanuska-Susitna Borough, Alaska",1400000US02170000200,2056,43.0,1487,43,221,45,0,40,4,1496,555,434,121,352,0,0,0,111,156,85,165100,0,0,0,1386,242,20799,9,42375,816,1176,17,1449,1281,1237,159,02,170,000200
"Census Tract 3, Matanuska-Susitna Borough, Alaska",1400000US02170000300,6507,37.6,5786,18,72,193,3,232,32,2208,1939,1744,195,663,0,3,64,110,365,121,265400,0,0,0,6489,344,32502,139,87798,2562,3616,131,4139,3902,3453,1068,02,170,000300
"Census Tract 4.01, Matanuska-Susitna Borough, Alaska",1400000US02170000401,2028,36.7,1643,16,138,3,36,90,31,986,690,525,165,533,0,0,71,120,301,41,175200,0,0,0,2021,287,23615,10,52500,885,1100,29,1264,1216,1114,122,02,170,000401
"Census Tract 4.02, Matanuska-Susitna Borough, Alaska",1400000US02170000402,2102,41.3,1892,0,87,13,0,110,0,1868,721,613,108,302,0,0,0,97,141,64,151700,12,0,0,2085,325,25658,22,53681,720,1340,24,1361,1239,1234,262,02,170,000402
"Census Tract 5.01, Matanuska-Susitna Borough, Alaska",1400000US02170000501,1984,38.1,1581,0,154,4,6,70,0,1280,673,546,127,405,47,0,0,135,212,11,199600,6,0,5,1970,141,33442,31,76250,777,1154,31,1244,1182,1063,253,02,170,000501
"Census Tract 5.02, Matanuska-Susitna Borough, Alaska",1400000US02170000502,2126,39.8,1792,25,110,18,0,101,1,1811,696,542,154,442,0,5,0,102,292,43,191000,5,0,0,1901,256,29327,22,64333,968,1101,24,1354,1293,1226,122,02,170,000502
"Census Tract 6.01, Matanuska-Susitna Borough, Alaska",1400000US02170000601,5195,35.1,4448,108,190,31,0,120,14,1664,1508,1252,256,865,0,0,0,190,514,161,260700,8,0,0,5153,364,33211,114,86136,2060,2919,117,3096,2962,2798,606,02,170,000601
"Census Tract 6.03, Matanuska-Susitna Borough, Alaska",1400000US02170000603,7252,32.8,6220,0,527,43,0,291,59,2274,2095,1777,318,1077,0,0,0,191,690,196,215000,0,0,0,7180,468,30759,73,84665,3339,3352,108,4780,4335,3904,674,02,170,000603
"Census Tract 6.04, Matanuska-Susitna Borough, Alaska",1400000US02170000604,4744,34.2,4042,6,230,154,0,160,11,1854,1494,1065,429,1231,0,8,0,136,990,97,228800,0,0,0,4540,497,29751,88,82823,1849,2714,97,3179,2925,2739,416,02,170,000604
"Census Tract 7.01, Matanuska-Susitna Borough, Alaska",1400000US02170000701,3150,34.7,2783,0,190,10,0,223,26,1486,1121,814,307,716,0,0,18,196,399,103,206900,0,0,0,3131,360,26177,24,55272,1460,1555,44,1962,1844,1754,189,02,170,000701
"Census Tract 7.03, Matanuska-Susitna Borough, Alaska",1400000US02170000703,3883,30.8,3323,9,284,32,7,176,0,1434,1172,879,293,892,7,0,58,128,598,101,221300,0,0,0,3863,666,27178,51,68125,1743,1954,56,2414,2265,2063,360,02,170,000703
"Census Tract 7.05, Matanuska-Susitna Borough, Alaska",1400000US02170000705,4416,31.3,3747,7,104,13,0,393,10,1345,1244,876,368,1209,0,0,8,186,877,138,236300,0,0,8,4407,314,29553,94,78190,1964,2180,45,2863,2434,2447,378,02,170,000705
"Census Tract 7.06, Matanuska-Susitna Borough, Alaska",1400000US02170000706,5951,30.0,4941,22,223,30,9,290,120,1831,1668,1342,326,1081,0,0,7,168,834,72,230800,0,0,0,5923,477,27943,96,81229,2607,3041,167,3651,3464,3162,628,02,170,000706
"Census Tract 8, Matanuska-Susitna Borough, Alaska",1400000US02170000800,5447,32.9,4293,177,381,102,1,335,14,2043,1820,917,903,2338,0,9,9,459,1644,217,211800,0,0,0,5324,907,24931,44,55547,2527,2570,55,3396,3053,2786,329,02,170,000800
"Census Tract 9, Matanuska-Susitna Borough, Alaska",1400000US02170000900,2959,42.9,2408,67,72,115,0,107,0,1152,1011,640,371,829,0,9,16,252,544,8,253100,0,0,0,2924,168,30509,56,67695,1001,1697,117,1733,1636,1435,241,02,170,000900
"Census Tract 10.01, Matanuska-Susitna Borough, Alaska",1400000US02170001001,3732,35.1,3067,22,224,81,0,207,18,1306,1149,955,194,668,0,0,0,250,351,67,245400,0,0,0,3704,247,32127,108,89922,1405,2152,40,2215,2008,1981,378,02,170,001001
"Census Tract 10.03, Matanuska-Susitna Borough, Alaska",1400000US02170001003,3952,35.0,3127,53,136,30,15,334,123,1369,1256,967,289,908,0,28,0,47,750,83,215200,0,0,0,3925,437,30357,69,61557,1460,2293,81,2507,2386,2137,460,02,170,001003
"Census Tract 10.04, Matanuska-Susitna Borough, Alaska",1400000US02170001004,5229,36.0,4285,63,365,149,0,154,4,1798,1655,1169,486,1332,0,0,0,85,964,283,265200,0,0,6,5163,369,33773,153,87656,2080,2829,111,3285,3093,2775,535,02,170,001004
"Census Tract 11, Matanuska-Susitna Borough, Alaska",1400000US02170001100,6073,35.3,4995,156,452,20,10,198,20,1962,1850,1441,409,1149,8,0,0,205,862,74,277700,11,4,0,6051,459,37077,194,92308,2585,3097,139,3925,3562,3446,1028,02,170,001100
"Census Tract 12.01, Matanuska-Susitna Borough, Alaska",1400000US02170001201,5536,33.3,4425,74,313,91,60,319,49,1914,1788,1232,556,1533,15,37,26,347,1016,92,216500,0,0,0,5338,576,28084,80,63311,2480,2767,106,3360,3047,2834,634,02,170,001201
"Census Tract 12.02, Matanuska-Susitna Borough, Alaska",1400000US02170001202,5417,30.2,4377,118,332,54,24,226,38,1718,1617,1127,490,1463,0,3,34,268,1036,122,229100,0,0,0,5371,488,31476,101,84653,2287,2925,87,3406,3279,2811,828,02,170,001202
"Census Tract 13, Matanuska-Susitna Borough, Alaska",1400000US02170001300,6200,36.2,5501,42,173,73,0,245,36,2237,1964,1630,334,978,0,44,0,262,540,132,238600,3,0,4,6131,580,31348,132,73750,2338,3629,85,3867,3656,3348,876,02,170,001300
"Census Tract 1, Nome Census Area, Alaska",1400000US02180000100,5848,25.6,248,0,5296,70,0,19,2,2173,1517,1041,476,1705,60,93,315,549,567,121,84600,0,0,0,5762,2098,13504,11,36921,5508,249,0,3279,1856,2583,154,02,180,000100
"Census Tract 2, Nome Census Area, Alaska",1400000US02180000200,4031,30.9,1375,75,1878,57,22,193,9,1880,1362,691,671,1718,51,4,37,375,1040,211,214500,0,0,0,3838,495,29506,88,78125,2734,1167,45,2470,2039,2103,497,02,180,000200
"Census Tract 1, North Slope Borough, Alaska",1400000US02185000100,4377,26.8,547,21,2754,514,162,248,58,1662,1370,603,767,2260,25,55,67,760,1142,211,177800,0,0,0,4268,602,28255,141,78804,3131,707,135,2552,1348,2113,323,02,185,000100
"Census Tract 2, North Slope Borough, Alaska",1400000US02185000200,2412,26.3,187,4,2054,9,9,34,0,888,648,407,241,749,7,34,59,225,368,56,94100,0,0,0,2390,396,22391,18,62500,2148,236,14,1409,811,1139,44,02,185,000200
"Census Tract 3, North Slope Borough, Alaska",1400000US02185000300,2892,48.9,2416,32,214,61,11,89,50,0,0,0,0,0,0,0,0,0,0,0,-666666666,0,0,0,2887,72,105877,0,-666666666,679,2002,35,2790,2523,2608,431,02,185,000300
"Census Tract 1, Northwest Arctic Borough, Alaska",1400000US02188000100,4435,24.7,183,1,4125,20,1,30,17,1548,956,613,343,1323,37,48,257,322,564,95,95000,2,0,0,4423,1291,14729,10,43839,4188,223,7,2474,1392,1952,93,02,188,000100
"Census Tract 2, Northwest Arctic Borough, Alaska",1400000US02188000200,3288,28.8,707,42,2225,41,0,133,45,1174,948,431,517,1657,11,7,86,472,1000,81,194900,7,0,0,3215,583,29523,69,85278,2461,732,14,2009,1460,1566,301,02,188,000200
"Census Tract 2, Petersburg Borough, Alaska",1400000US02195000200,3196,40.8,2391,75,241,143,20,331,61,1764,1237,840,397,791,0,7,17,177,555,35,213400,0,0,0,3166,294,34788,56,63940,1278,1624,44,2003,1606,1674,437,02,195,000200
"Census Tract 1, Prince of Wales-Hyder Census Area, Alaska",1400000US02198000100,2188,42.3,1221,3,717,29,24,23,9,1640,885,678,207,533,7,0,42,153,300,31,168800,9,0,0,2166,363,24030,3,43221,1053,1072,7,1462,1391,1323,225,02,198,000100
"Census Tract 2, Prince of Wales-Hyder Census Area, Alaska",1400000US02198000200,2519,43.1,1529,10,710,22,13,62,1,1136,933,641,292,654,0,5,14,129,441,65,212400,2,0,0,2492,385,28658,26,57688,1126,1336,17,1631,1575,1436,255,02,198,000200
"Census Tract 3, Prince of Wales-Hyder Census Area, Alaska",1400000US02198000300,0,-666666666.0,0,0,0,0,0,0,0,62,0,0,0,0,0,0,0,0,0,0,-666666666,0,0,0,0,0,-666666666,0,-666666666,0,0,0,0,0,0,0,02,198,000300
"Census Tract 9401, Prince of Wales-Hyder Census Area, Alaska",1400000US02198940100,1667,32.4,191,0,1223,18,1,136,0,521,449,306,143,580,7,62,79,137,234,61,141700,0,0,0,1644,190,22901,10,54519,1259,365,13,1010,956,844,75,02,198,940100
"Census Tract 1, Sitka City and Borough, Alaska",1400000US02220000100,3455,40.9,2398,87,391,77,28,217,11,1642,1382,865,517,1172,0,0,56,269,668,179,376700,0,0,0,3448,250,37359,68,77313,1453,1795,45,2372,2230,2138,595,02,220,000100
"Census Tract 2, Sitka City and Borough, Alaska",1400000US02220000200,5466,36.7,3346,108,815,539,5,339,71,2470,2122,1095,1027,2189,10,41,34,426,1408,270,320700,0,4,0,5351,546,34578,103,62459,2278,2514,82,3359,2851,2978,1082,02,220,000200
"Census Tract 1, Skagway Municipality, Alaska",1400000US02230000100,1014,44.1,815,11,59,76,0,64,4,639,428,233,195,336,4,2,22,83,172,53,305700,2,0,0,1009,53,39412,9,64853,223,647,57,783,677,710,253,02,230,000100
"Census Tract 1, Southeast Fairbanks Census Area, Alaska",1400000US02240000100,2187,40.5,1188,0,715,46,0,9,5,1574,774,552,222,572,11,2,69,152,248,90,131000,0,0,0,2170,513,22226,14,50571,1242,839,42,1319,1095,1105,158,02,240,000100
"Census Tract 4, Southeast Fairbanks Census Area, Alaska",1400000US02240000400,4783,35.2,4256,98,53,78,3,344,100,2327,1311,942,369,1376,7,111,39,165,869,185,237200,26,0,0,4736,428,34658,42,75739,1492,2476,128,2980,2110,2593,566,02,240,000400
"Census Tract 1, Valdez-Cordova Census Area, Alaska",1400000US02261000100,2037,34.3,1232,0,735,2,0,37,4,2917,627,457,170,514,0,20,61,177,239,17,152400,0,0,4,2014,340,20140,10,45917,1261,737,9,1257,1149,974,202,02,261,000100
"Census Tract 2, Valdez-Cordova Census Area, Alaska",1400000US02261000200,3047,49.3,2230,0,240,264,36,17,11,1351,977,764,213,636,0,0,95,37,266,238,299500,0,0,0,3010,127,44542,44,107771,1138,1660,26,2013,1942,1677,569,02,261,000200
"Census Tract 3, Valdez-Cordova Census Area, Alaska",1400000US02261000300,4438,34.3,3561,12,445,87,15,390,15,1839,1333,884,449,1564,0,1,61,356,879,267,183900,0,0,0,4373,335,36250,167,72417,1361,2744,84,2986,2729,2620,790,02,261,000300
"Census Tract 3, Wrangell City and Borough, Alaska",1400000US02275000300,2401,48.8,1621,7,462,83,0,72,3,1408,1045,716,329,658,2,1,56,89,458,52,183300,0,0,0,2383,237,29782,25,52986,966,1319,6,1434,1331,1295,278,02,275,000300
"Census Tract 1, Yakutat City and Borough, Alaska",1400000US02282000100,646,40.5,290,7,201,38,7,18,2,391,247,149,98,207,7,4,18,73,100,5,165800,0,0,0,646,51,31084,3,66875,302,294,9,427,365,376,81,02,282,000100
"Census Tract 1, Yukon-Koyukuk Census Area, Alaska",1400000US02290000100,1217,33.0,157,0,1018,9,0,29,0,991,467,319,148,368,3,13,18,76,221,37,83800,0,0,0,1198,425,18549,4,28542,1064,132,0,721,541,637,46,02,290,000100
"Census Tract 2, Yukon-Koyukuk Census Area, Alaska",1400000US02290000200,1363,44.8,586,4,645,0,0,30,15,1225,479,344,135,354,9,8,22,60,227,28,93900,0,0,0,1336,240,25469,10,46875,840,496,3,798,739,702,66,02,290,000200
"Census Tract 3, Yukon-Koyukuk Census Area, Alaska",1400000US02290000300,1959,32.9,302,0,1560,18,0,20,4,1029,651,484,167,513,4,9,3,146,314,37,102200,0,0,0,1955,426,19044,9,38831,1667,265,3,1115,973,932,158,02,290,000300
"Census Tract 4, Yukon-Koyukuk Census Area, Alaska",1400000US02290000400,1061,32.8,205,17,715,14,0,28,6,815,384,257,127,330,4,6,12,129,149,30,82900,0,0,0,1052,213,20688,2,39091,842,202,3,648,588,517,49,02,290,000400
